{"patient_id": "3443", "age": 76, "gender": "M", "timestamps": ["18:14:30", "18:14:35", "18:14:40", "18:14:46", "18:14:51", "18:14:56", "18:15:01", "18:15:06", "18:15:11", "18:15:16", "18:15:21", "18:15:26", "18:15:31", "18:15:37", "18:15:42", "18:15:47", "18:15:52", "18:15:57", "18:16:02", "18:16:07", "18:16:12", "18:16:17", "18:16:22", "18:16:28", "18:16:33", "18:16:38", "18:16:43", "18:16:48", "18:16:53", "18:16:58", "18:17:03", "18:17:08", "18:17:13", "18:17:19", "18:17:24", "18:17:29", "18:17:34", "18:17:39", "18:17:44", "18:17:49", "18:17:54", "18:17:59", "18:18:04", "18:18:10", "18:18:15", "18:18:20", "18:18:25", "18:18:30", "18:18:35", "18:18:40", "18:18:45", "18:18:50", "18:18:55", "18:19:01", "18:19:06", "18:19:11", "18:19:16", "18:19:21", "18:19:26", "18:19:31"], "heart_rate": [159, 160, 161, 150, 158, 158, 161, 159, 156, 158, 163, 164, 91, 88, 99, 81, 92, 86, 158, 141, 153, 163, 151, 146, 164, 165, 152, 145, 165, 157, 93, 70, 87, 81, 73, 82, 165, 164, 145, 153, 170, 150, 164, 158, 149, 161, 155, 144, 77, 84, 86, 79, 81, 81, 141, 143, 149, 150, 141, 144], "respiratory_rate": [22, 28, 31, 37, 40, 40, 40, 40, 40, 40, 40, 40, 20, 20, 20, 20, 18, 16, 20, 23, 27, 29, 35, 39, 40, 40, 40, 40, 40, 40, 20, 20, 20, 19, 17, 19, 24, 29, 33, 35, 40, 40, 40, 40, 40, 40, 40, 40, 20, 18, 18, 20, 18, 20, 24, 26, 31, 33, 39, 40], "temperature": [37.8, 38.571121701265085, 39.02021208553864, 39.6343758139168, 40.251522403234205, 40.5, 40.5, 40.5, 40.5, 40.5, 40.5, 40.5, 37.5, 37.31361175981566, 37.380186907165765, 37.329336914338036, 37.45997626715488, 37.5, 37.8, 38.45225505803771, 38.680929149372545, 39.165179667342315, 39.74164224799633, 40.04987260374848, 40.349943407843305, 40.5, 40.5, 40.5, 40.5, 40.5, 37.5, 37.5, 37.375010506984474, 37.233061740563734, 37.27430827898835, 37.2963514643691, 37.8, 38.16839225274177, 38.651461781844695, 38.98277606754348, 39.6923550404883, 40.031148049961914, 40.5, 40.5, 40.5, 40.5, 40.5, 40.5, 37.5, 37.5, 37.31048597516645, 37.493046032064996, 37.5, 37.30540638190254, 37.83985775904703, 38.47779833957193, 38.97101399576494, 39.20613790546809, 39.51120309993005, 39.89296534663801], "systolic_bp": [163, 171, 155, 163, 164, 165, 158, 159, 170, 162, 150, 168, 117, 128, 117, 110, 122, 111, 166, 173, 153, 159, 150, 166, 166, 174, 175, 164, 169, 163, 128, 125, 111, 120, 127, 115, 166, 165, 177, 177, 163, 158, 160, 171, 179, 167, 172, 176, 113, 112, 117, 127, 120, 129, 161, 162, 180, 163, 151, 168], "oxygen_saturation": [92, 87, 85, 85, 85, 85, 85, 85, 85, 85, 85, 85, 95, 95, 96, 96, 96, 96, 91, 88, 85, 85, 85, 85, 85, 85, 85, 85, 85, 85, 95, 95, 96, 96, 96, 95, 90, 87, 85, 85, 85, 85, 85, 85, 85, 85, 85, 85, 95, 95, 95, 96, 97, 96, 94, 91, 87, 85, 85, 85], "wbc": [14.45058033581634, 18.43587241535909, 22.425669280379672, 25, 25, 25, 25, 25, 25, 25, 25, 25, 11, 10.59597093383975, 11, 10.803907607892219, 11, 10.647284917607735, 13.665496801974134, 15.725695419366119, 19.61792220518033, 22.54171656787236, 24.82051995991037, 25, 25, 25, 25, 25, 25, 25, 11, 10.949766427332131, 10.490006917095018, 10.828791251415348, 10.98735127680156, 10.727409469297047, 12.851258919568203, 15.314745194188967, 19.24878288538563, 23.15235127239585, 25, 25, 25, 25, 25, 25, 25, 25, 11, 10.893385118950437, 10.986097555378796, 11, 10.918508869261656, 11, 13.899229592797038, 16.324947205938734, 19.203276803153173, 22.81523827249312, 25, 25], "lactate": [2.7796294208603625, 3.7564098168067255, 4.710286842146356, 5.774235228242741, 7.22321590502904, 8, 8, 8, 8, 8, 8, 8, 2.0, 1.9713946100794058, 2.0, 2.0, 1.9415059848941056, 1.8852608512463487, 3.1584311156566804, 3.8367119738720916, 4.502346604594462, 5.744024855108863, 6.806948252001224, 7.428243741717876, 8, 8, 8, 8, 8, 8, 2.0, 2.0, 2.0, 1.9164626023058988, 1.84898748463284, 1.6746152055464663, 3.0379258987489743, 3.6399942906770884, 4.645920431419116, 5.945855576442218, 7.32255437446603, 8, 8, 8, 8, 8, 8, 8, 2.0, 2.0, 2.0, 1.8390045147896565, 1.9517334857729876, 1.9720149906119084, 2.8140838629072533, 4.288745760402101, 4.983645819645501, 6.463523279895231, 7.79712483772523, 8], "creatinine": [0.3818266170396741, 0.3, 0.3, 0.3, 0.31791210845792184, 0.3, 0.3, 0.3, 0.3798049078139206, 0.3, 0.3, 0.3643596167925527, 0.3762726872767166, 0.43952127100391447, 0.35707163128250896, 0.3506549602781678, 0.32359346012656354, 0.3774108855234001, 0.3792085857609413, 0.3, 0.3, 0.3, 0.3, 0.30288078507386695, 0.3537174846697002, 0.39886230489664853, 0.4513132099206818, 0.422971008700321, 0.4749491902015096, 0.40652637036384787, 0.3492111582982441, 0.3644290918061149, 0.3, 0.3448247122689154, 0.35588720831777443, 0.3, 0.3304668633490777, 0.3990385360764145, 0.4196238489252362, 0.341768556868914, 0.4120220170157489, 0.5085970713012219, 0.5626895232493032, 0.6411783609597018, 0.5892347476725002, 0.670419482361492, 0.728603570817167, 0.8056493558919855, 0.7567650891853459, 0.6971939975944021, 0.6629185997157727, 0.7566761695390763, 0.8357859987088867, 0.7575686884773414, 0.8572462782414052, 0.9384359302582812, 0.9181648174078768, 0.8746556268329919, 0.8728769598960145, 0.896338906894541], "mortality_risk": [0.69, 0.695, 0.7, 0.705, 0.695, 0.695, 0.7, 0.7, 0.705, 0.695, 0.695, 0.7, 0.665, 0.66, 0.67, 0.67, 0.655, 0.67, 0.69, 0.71, 0.695, 0.7, 0.71, 0.7, 0.695, 0.7, 0.71, 0.7, 0.7, 0.7, 0.65, 0.66, 0.675, 0.665, 0.655, 0.67, 0.69, 0.69, 0.7, 0.705, 0.69, 0.715, 0.695, 0.7, 0.71, 0.695, 0.705, 0.705, 0.67, 0.665, 0.675, 0.65, 0.665, 0.66, 0.705, 0.695, 0.71, 0.705, 0.71, 0.705]}